feature,event_importance,risk_importance,combined_importance
water_trend_RAPID_RISE,0.0072157723,0.7028296,0.7100454
rainfall,0.099966645,0.04667019,0.14663684
rise_rate,0.004446682,0.09188577,0.09633245
rainfall_vs_average,0.021651324,0.021502273,0.0431536
level_vs_average,0.010996742,0.02750805,0.038504794
water_level,0.0266887,0.0006894587,0.027378159
rainfall_deviation,0.004625066,0.022230914,0.02685598
level_vs_max,0.0011897709,0.02354057,0.02473034
rise_rate_vs_average,0.003308426,0.01318215,0.016490577
level_deviation,0.0051507177,0.011285966,0.016436685
device_id_JAL-092,0.015896633,0.00034255805,0.01623919
acceleration,0.0048636715,0.008867025,0.013730697
device_id_JAL-070,0.013490927,0.00021552724,0.013706455
device_id_JAL-068,0.012583105,0.00026328425,0.012846389
device_id_JAL-051,0.012523769,0.0003081273,0.012831897
device_id_JAL-067,0.012098495,0.0002517951,0.01235029
device_id_JAL-045,0.01179627,0.00010372711,0.011899997
device_id_JAL-076,0.011337543,0.00019117544,0.011528718
device_id_JAL-071,0.011283445,0.00022026186,0.011503707
device_id_JAL-075,0.010935118,0.0002996052,0.011234724
device_id_JAL-023,0.010910125,0.0002497371,0.011159862
device_id_JAL-032,0.010973455,0.00015660137,0.011130056
device_id_JAL-009,0.010618201,0.00032803928,0.01094624
device_id_JAL-083,0.01069356,0.00016973092,0.010863291
device_id_JAL-003,0.010509339,0.0002695446,0.0107788835
device_id_JAL-089,0.010511826,0.00016151388,0.0106733395
device_id_JAL-044,0.010242306,0.0003269746,0.01056928
device_id_JAL-066,0.01034635,0.00018612477,0.010532475
device_id_JAL-015,0.010200127,0.0003149184,0.010515045
device_id_JAL-065,0.010337313,0.00014581071,0.010483123
device_id_JAL-001,0.010144239,0.0003384922,0.010482731
device_id_JAL-098,0.0102355825,0.0002442428,0.010479826
device_id_JAL-055,0.010288449,0.00014893645,0.010437385
device_id_JAL-037,0.01009107,0.00017333754,0.010264408
month_cos,0.008812445,0.0014402764,0.010252722
device_id_JAL-053,0.009862095,0.0002441564,0.010106252
device_id_JAL-022,0.009827613,0.00016520364,0.0099928165
device_id_JAL-027,0.0095381485,0.00014523587,0.009683385
device_id_JAL-069,0.0093463985,0.00018182074,0.00952822
device_id_JAL-064,0.0092131775,0.00025339017,0.009466568
device_id_JAL-056,0.009230176,0.00022202637,0.009452202
device_id_JAL-086,0.009214203,0.00020607827,0.009420281
water_trend_RISING,0.00926957,0.00014665691,0.009416227
device_id_JAL-073,0.00918716,0.00020951555,0.009396676
device_id_JAL-026,0.009144413,0.00018052179,0.009324935
device_id_JAL-033,0.009062397,0.0001792655,0.009241663
device_id_JAL-007,0.008937547,0.00021518844,0.009152736
device_id_JAL-024,0.008921265,0.00021575137,0.009137016
device_id_JAL-041,0.008745767,0.00027460023,0.009020368
device_id_JAL-002,0.008464914,0.0004860578,0.008950972
sensor_quality,0.008061448,0.0008486162,0.008910065
device_id_JAL-048,0.008453094,0.0002288816,0.008681976
device_id_JAL-006,0.008342292,0.00014273389,0.008485026
device_id_JAL-010,0.008202528,0.00022653671,0.008429064
device_id_JAL-090,0.008205996,0.00021697108,0.008422967
device_id_JAL-042,0.008194774,0.00020747255,0.008402247
device_id_JAL-030,0.00799688,0.00023762141,0.008234502
device_id_JAL-078,0.007787927,0.00037446263,0.0081623895
device_id_JAL-061,0.00773015,0.00017294635,0.007903096
device_id_JAL-004,0.00743897,0.00022289177,0.0076618614
device_id_JAL-058,0.007456666,0.0001696376,0.0076263035
device_id_JAL-095,0.007402434,0.00020324587,0.00760568
device_id_JAL-080,0.0072590094,0.0001820142,0.007441024
device_id_JAL-096,0.007003226,0.000301165,0.007304391
device_id_JAL-084,0.0069137583,0.00024611218,0.0071598706
device_id_JAL-091,0.006931965,0.00022416035,0.0071561253
device_id_JAL-046,0.0069092284,0.00022434407,0.0071335724
device_id_JAL-025,0.006997463,0.00011812371,0.0071155867
device_id_JAL-050,0.0067077354,0.0002195006,0.006927236
rise_rate_deviation,0.0020988502,0.004818193,0.0069170436
device_id_JAL-040,0.0065593803,0.000284269,0.0068436493
device_id_JAL-047,0.0066820877,0.00014999644,0.006832084
device_id_JAL-035,0.006600032,0.00018082866,0.006780861
device_id_JAL-013,0.006565408,0.000180957,0.0067463648
device_id_JAL-052,0.006593517,0.00011124768,0.006704765
device_id_JAL-063,0.006466591,0.00021833388,0.0066849245
device_id_JAL-005,0.0063851555,0.000102126076,0.0064872815
device_id_JAL-028,0.0063033327,0.00013434661,0.0064376793
device_id_JAL-094,0.0062541333,0.00012307483,0.006377208
device_id_JAL-039,0.0061216215,0.00016050374,0.006282125
device_id_JAL-029,0.0059833014,0.00026733885,0.0062506404
month,0.0059807333,0.00026986195,0.006250595
device_id_JAL-088,0.0061262758,0.000100509096,0.006226785
device_id_JAL-034,0.0058727018,0.0003488624,0.006221564
device_id_JAL-049,0.005659549,0.00017318239,0.0058327313
device_id_JAL-011,0.0055736257,0.0002107891,0.0057844147
device_id_JAL-097,0.0054252273,9.043119e-05,0.0055156583
device_id_JAL-062,0.005358962,0.00014932652,0.0055082883
device_id_JAL-036,0.0052523213,0.00020808025,0.0054604015
device_id_JAL-020,0.0052359845,0.00020567756,0.005441662
device_id_JAL-021,0.0052991114,0.0001282616,0.005427373
device_id_JAL-077,0.0052435286,0.00015679051,0.005400319
device_id_JAL-059,0.0051597143,0.00018867153,0.005348386
device_id_JAL-016,0.005225699,8.80905e-05,0.0053137895
device_id_JAL-082,0.0051128766,8.906793e-05,0.0052019446
device_id_JAL-060,0.0049598417,8.028111e-05,0.0050401227
month_sin,0.0048584742,0.000115023606,0.0049734977
device_id_JAL-057,0.004766351,0.00018402284,0.004950374
device_id_JAL-054,0.0047195656,0.00018837769,0.0049079433
device_id_JAL-087,0.0047634905,7.210032e-05,0.0048355907
device_id_JAL-014,0.004521472,0.00029450638,0.0048159785
device_id_JAL-093,0.004462782,0.0002008773,0.0046636593
device_id_JAL-012,0.004343977,0.0003158646,0.004659842
device_id_JAL-038,0.0044181314,0.00015697868,0.00457511
device_id_JAL-099,0.004375587,7.886732e-05,0.0044544544
historical_avg_rainfall,0.0036177596,0.0008085099,0.0044262693
device_id_JAL-043,0.0041592554,0.00013707436,0.00429633
device_id_JAL-081,0.00407851,0.00010424793,0.0041827583
water_trend_STABLE,0.0040147845,4.9293572e-05,0.004064078
device_id_JAL-008,0.003888889,0.00015078436,0.004039673
device_id_JAL-017,0.0037774083,0.00011697067,0.003894379
device_id_JAL-019,0.0036762669,0.000121683624,0.0037979505
device_id_JAL-074,0.003672413,0.000121854435,0.0037942675
device_id_JAL-031,0.003698287,8.3523126e-05,0.0037818102
device_id_JAL-085,0.0035945165,9.661366e-05,0.0036911303
device_id_JAL-079,0.0035856515,8.719407e-05,0.0036728457
device_id_JAL-018,0.0034995384,0.00010145922,0.0036009976
device_id_JAL-072,0.0027687706,0.00019064586,0.0029594165
device_id_JAL-100,0.002826123,8.239461e-05,0.0029085176
water_trend_RAPID_FALL,0.002627969,0.00018060046,0.0028085695
historical_max_level,0.0015426667,0.0009449874,0.002487654
historical_avg_rise_rate,0.0019445404,0.00016572027,0.0021102608
historical_avg_level,0.0015443111,6.365707e-05,0.0016079681
historical_max_rise_rate,0.001385062,9.603107e-05,0.0014810931
water_trend_FALLING,0.0014109206,6.122537e-05,0.001472146
day_of_week,0.0013041868,7.219154e-05,0.0013763783
hour_cos,0.0008647403,4.882266e-05,0.00091356295
temperature,0.0007900333,5.005157e-05,0.00084008486
hour,0.000745575,5.4100892e-05,0.0007996759
hour_sin,0.0007287896,4.9529877e-05,0.0007783195
